alunoId;data;tipoTreino
3;2026-09-01;Gi
99;2026-09-01;Gi
1;2026-01-05;Gi
1;2099-01-10;Gi
2;2026-02-30;Gi
1;2026-09-06; 
1;2026-09-01;Gi
1;2026-09-02;No-Gi
1;2026-09-03;Gi
1;2026-09-04;No-Gi
1;2026-09-05;Gi
2;2026-08-16;Gi
2;2026-08-17; gi 
2;2026-08-17;nogi
2;2026-08-18;GI
2;2026-08-19;Gi
2;2026-08-20;Gi
2;2026-08-21; gi 
2;2026-08-21;NO GI
2;2026-08-22;GI
2;2026-08-23;Gi
2;2026-08-24;Gi
2;2026-08-25; gi 
2;2026-08-25;No-Gi
2;2026-08-26;GI
2;2026-08-27;Gi
2;2026-08-28;Gi
2;2026-08-29; gi 
2;2026-08-29;nogi
2;2026-08-30;GI
2;2026-08-31;Gi
2;2026-09-01;Gi
2;2026-09-02; gi 
2;2026-09-02;NO GI
2;2026-09-03;GI
2;2026-09-04;Gi
2;2026-09-05;Gi
3;2026-09-05;No-Gi
99;2026-09-05;No-Gi
2;2026-09-06; gi 
2;2026-09-06;No-Gi
2;2026-09-07;GI
2;2026-09-08;Gi
2;2026-09-09;Gi
2;2026-09-10; gi 
2;2026-09-10;nogi
2;2026-09-11;GI
2;2026-09-12;Gi
2;2026-09-13;Gi
2;2026-09-14; gi 
2;2026-09-14;NO GI
2;2026-09-15;GI
3;2026-09-15;Gi
2;2026-09-16;Gi
2;2026-09-17;Gi
2;2026-09-18; gi 
2;2026-09-18;No-Gi
2;2026-09-19;GI
2;2026-09-20;Gi
2;2026-09-21;Gi
2;2026-09-22; gi 
2;2026-09-22;nogi
2;2026-09-23;GI
2;2026-09-24;Gi
2;2026-09-25;Gi
2;2026-09-26; gi 
2;2026-09-26;NO GI
2;2026-09-27;GI
2;2026-09-28;Gi
